filename,width,height,class,xmin,ymin,xmax,ymax
MOVIE_1.mp4_frame_910.jpg,1080,1920,connection,517.00032,853.9996799999999,599.0004,867.0
VID_3.mp4_frame_980.jpg,1920,1080,connection,671.99904,480.00006,787.99968,497.00034
VID_11.mp4_frame_480.jpg,1920,1080,connection,856.99968,498.99996000000004,1022.0006400000001,521.99964
MOVIE_3.mp4_frame_830.jpg,1080,1920,connection,500.00004000000007,845.00064,601.9995600000001,870.0009600000001
20200529_101758.jpg,3024,4032,connection,1421.9981999999998,1744.9971839999998,1832.9991119999997,1840.999104
MOVIE_2.mp4_frame_120.jpg,1080,1920,connection,480.00006,873.0009600000001,572.99994,890.00064
VID_11.mp4_frame_620.jpg,1920,1080,connection,893.9990399999998,490.99986,1062.9993599999998,525.99942
VID_10.mp4_frame_104.jpg,2160,3840,connection,981.0007200000001,2109.0028799999995,1243.0000800000003,2151.00096
MOVIE_1.mp4_frame_220.jpg,1080,1920,connection,524.9998800000001,909.0,605.9998800000001,919.9996799999999
VID_10.mp4_frame_256.jpg,2160,3840,connection,989.9992799999999,2164.00128,1245.0002399999998,2222.0006399999997
MOVIE_1.mp4_frame_210.jpg,1080,1920,connection,519.0004799999999,907.0003200000001,601.00056,919.0003200000001
VID_11.mp4_frame_440.jpg,1920,1080,connection,827.00064,492.00048000000004,994.0003200000001,517.00032
VID_4.mp4_frame_10.jpg,1920,1080,connection,667.00032,484.99992000000003,782.0006400000001,510.99984
VID_3.mp4_frame_560.jpg,1920,1080,connection,652.9996799999999,467.0001,768.0,486.00054
MOVIE_3.mp4_frame_780.jpg,1080,1920,connection,509.00022,848.9999999999999,607.0005,874.00032
MOVIE_3.mp4_frame_810.jpg,1080,1920,connection,505.99998,844.9987199999999,601.00002,864.9993599999999
MOVIE_2.mp4_frame_960.jpg,1080,1920,connection,480.00005999999996,837.9993600000001,567.9995399999999,854.99904
20200529_102032.jpg,3024,4032,connection,1184.9997599999997,1927.0016640000001,1737.00072,2049.00192
20200529_102210.jpg,3024,4032,connection,1514.0003760000002,2193.998688,1748.0005200000003,2253.9988800000006
20200529_101935.jpg,3024,4032,connection,1267.000056,2134.000512,1626.000264,2245.0014720000004
MOVIE_2.mp4_frame_1090.jpg,1080,1920,connection,497.00034,834.99936,591.0003,855.0
20200529_102220.jpg,3024,4032,connection,1488.001536,1830.001824,1756.0005119999998,1893.001824
20200529_101824.jpg,3024,4032,connection,1443.9993120000001,1382.000256,1943.999568,1493.0012159999999
MOVIE_2.mp4_frame_1180.jpg,1080,1920,connection,514.00062,829.00032,602.0001,848.0006400000001
MOVIE_1.mp4_frame_820.jpg,1080,1920,connection,559.00044,881.00064,637.0002,897.0
VID_11.mp4_frame_100.jpg,1920,1080,connection,882.0009600000001,380.99969999999996,1049.00064,401.00022
VID_11.mp4_frame_30.jpg,1920,1080,connection,863.00064,340.0002,1030.0003199999999,365.00003999999996
MOVIE_1.mp4_frame_550.jpg,1080,1920,connection,533.9995200000001,877.0003200000001,621.0,889.0003200000001
MOVIE_3.mp4_frame_280.jpg,1080,1920,connection,505.99998000000005,847.9996799999999,603.00018,875.00064
MOVIE_2.mp4_frame_1150.jpg,1080,1920,connection,509.00022,835.0003200000001,596.9997,852.0
20200529_101804(0).jpg,3024,4032,connection,1330.00056,1103.9999039999998,1763.001072,1170.999648
20200529_101834.jpg,3024,4032,connection,1359.002232,1160.000352,1870.000776,1244.998944
20200529_101751.jpg,3024,4032,connection,1722.0001679999998,1548.999648,1985.000472,1597.0006079999998
VID_3.mp4_frame_190.jpg,1920,1080,connection,639.0,439.00002,765.0,454.00014000000004
VID_3.mp4_frame_260.jpg,1920,1080,connection,637.0003200000001,434.99969999999996,764.00064,448.99974
20200529_101740.jpg,3024,4032,connection,1482.0004080000003,1930.999392,1756.9999440000001,2002.998816
VID_11.mp4_frame_340.jpg,1920,1080,connection,885.0000000000001,467.99964,1049.0006400000002,492.99947999999995
VID_10.mp4_frame_248.jpg,2160,3840,connection,978.9994800000002,2163.00096,1235.99844,2232.00192
VID_10.mp4_frame_12.jpg,2160,3840,connection,972.00108,2050.00128,1229.00004,2096.0006399999997
VID_11.mp4_frame_150.jpg,1920,1080,connection,888.99936,400.00014,1055.99904,418.0005
VID_11.mp4_frame_540.jpg,1920,1080,connection,895.00032,500.00004,1060.99968,529.0002000000001
VID_3.mp4_frame_340.jpg,1920,1080,connection,634.0012800000001,459.99954,757.00032,477.9999
MOVIE_3.mp4_frame_940.jpg,1080,1920,connection,507.0000599999999,860.0006400000001,601.00002,877.00032
MOVIE_2.mp4_frame_1100.jpg,1080,1920,connection,499.0005,833.0006400000001,591.0003,856.00032
VID_10.mp4_frame_70.jpg,2160,3840,connection,996.9998400000001,2095.00224,1248.0004800000002,2137.00032
VID_3.mp4_frame_500.jpg,1920,1080,connection,641.9990399999999,462.00023999999996,762.99936,484.99992
MOVIE_2.mp4_frame_140.jpg,1080,1920,connection,475.99974,866.0006400000001,574.00002,880.99968
VID_10.mp4_frame_16.jpg,2160,3840,connection,968.0007599999999,2053.00032,1233.00036,2107.00224
VID_3.mp4_frame_390.jpg,1920,1080,connection,631.0003200000001,457.99992000000003,758.00064,478.99944
MOVIE_1.mp4_frame_50.jpg,1080,1920,connection,501.00012,915.0,585.00036,925.9996799999999
VID_4.mp4_frame_40.jpg,1920,1080,connection,668.00064,489.99978,786.0,509.00022
MOVIE_2.mp4_frame_1020.jpg,1080,1920,connection,482.00022,837.99936,574.0000200000001,856.9996800000001
VID_10.mp4_frame_224.jpg,2160,3840,connection,972.999,2170.99968,1222.99956,2221.00032
20200529_101940.jpg,3024,4032,connection,1396.000872,2218.999104,1770.0001200000002,2333.999808
MOVIE_1.mp4_frame_400.jpg,1080,1920,connection,538.99992,901.00032,621.0,910.99968
MOVIE_1.mp4_frame_190.jpg,1080,1920,connection,517.00032,906.0,596.0001599999999,915.99936
VID_11.mp4_frame_290.jpg,1920,1080,connection,879.00096,449.00028,1047.0009599999998,478.00044
MOVIE_1.mp4_frame_490.jpg,1080,1920,connection,532.9994399999999,873.0009600000001,616.99968,885.0009600000001
MOVIE_1.mp4_frame_230.jpg,1080,1920,connection,530.00028,909.0009600000001,612.00036,919.0003200000001
VID_10.mp4_frame_56.jpg,2160,3840,connection,991.9994399999999,2085.99936,1240.99992,2134.99776
MOVIE_3.mp4_frame_300.jpg,1080,1920,connection,508.00014000000004,841.9996799999999,603.00018,871.9996799999999
20200529_101939.jpg,3024,4032,connection,1569.998808,2540.998656,1951.99956,2652.9995519999998
VID_3.mp4_frame_690.jpg,1920,1080,connection,651.0,461.9997,767.00064,478.99998
20200529_101746.jpg,3024,4032,connection,1081.0013760000002,1559.998944,1363.001472,1611.999648
MOVIE_3.mp4_frame_240.jpg,1080,1920,connection,505.99998000000005,836.00064,593.99946,858.0
MOVIE_2.mp4_frame_1170.jpg,1080,1920,connection,514.0006199999999,832.0003200000001,605.0003399999999,852.99936
MOVIE_3.mp4_frame_870.jpg,1080,1920,connection,507.00005999999996,842.00064,606.00042,861.0009600000001
VID_11.mp4_frame_10.jpg,1920,1080,connection,859.9996799999999,325.00007999999997,1029.0,354.00024
MOVIE_3.mp4_frame_160.jpg,1080,1920,connection,495.9997200000001,820.0003199999999,599.9994000000002,847.00128
VID_10.mp4_frame_150.jpg,2160,3840,connection,957.00096,2134.99776,1221.00048,2181.99936
20200529_101826(0).jpg,3024,4032,connection,1251.999504,1429.9992000000002,1737.00072,1511.997984
MOVIE_1.mp4_frame_110.jpg,1080,1920,connection,503.00028,912.9993599999999,586.00044,928.9987199999999
MOVIE_1.mp4_frame_600.jpg,1080,1920,connection,554.00004,865.00032,633.99996,877.00032
20200529_102205.jpg,3024,4032,connection,1167.000912,2153.001312,1574.001072,2244.999456
VID_4.mp4_frame_90.jpg,1920,1080,connection,669.0000000000001,489.99978,785.99904,507.00005999999996
VID_3.mp4_frame_880.jpg,1920,1080,connection,654.00096,474.99966,770.9999999999999,488.9997
VID_10.mp4_frame_168.jpg,2160,3840,connection,971.001,2142.0,1232.00028,2201.0015999999996
VID_11.mp4_frame_360.jpg,1920,1080,connection,882.0000000000001,468.99972,1050.0,493.99956
20200529_102222.jpg,3024,4032,connection,1443.0013920000001,1851.00048,1760.001264,1922.999904
VID_11.mp4_frame_640.jpg,1920,1080,connection,897.00096,496.9998,1065.0009599999998,528.00012
MOVIE_2.mp4_frame_110.jpg,1080,1920,connection,475.99974,876.0009600000001,577.00026,894.0009600000001
VID_10.mp4_frame_140.jpg,2160,3840,connection,993.0005999999998,2131.00032,1222.9995599999997,2179.00032
MOVIE_3.mp4_frame_950.jpg,1080,1920,connection,511.00038,862.99968,604.00026,884.99904
20200529_101902.jpg,3024,4032,connection,1462.999104,1897.001568,1817.99856,1967.0011200000001
VID_11.mp4_frame_500.jpg,1920,1080,connection,874.00128,504.00035999999994,1033.0003199999999,534.0006
VID_11.mp4_frame_570.jpg,1920,1080,connection,901.9996799999999,497.00034000000005,1066.0003199999999,532.99998
20200529_102217.jpg,3024,4032,connection,1256.998176,1962.00144,1494.999072,2014.002144
20200529_101833.jpg,3024,4032,connection,1266.998544,1366.9971839999998,1769.9986079999999,1466.9988479999997
20200529_102215.jpg,3024,4032,connection,1490.99832,2070.998496,1731.999024,2121.999264
MOVIE_1.mp4_frame_140.jpg,1080,1920,connection,507.9996,907.00032,589.99968,921.9993599999999
VID_3.mp4_frame_960.jpg,1920,1080,connection,667.99968,483.0003,784.00032,497.00034
MOVIE_2.mp4_frame_220.jpg,1080,1920,connection,484.00037999999995,880.0012800000001,582.0006599999999,895.00032
VID_11.mp4_frame_110.jpg,1920,1080,connection,885.9993599999999,384.00048,1051.0003199999999,406.00007999999997
VID_3.mp4_frame_840.jpg,1920,1080,connection,654.0,472.9995,771.99936,488.99969999999996
VID_4.mp4_frame_780.jpg,1920,1080,connection,780.99936,528.9996600000001,887.9990399999999,543.99978
VID_10.mp4_frame_28.jpg,2160,3840,connection,979.0005600000001,2065.99872,1238.9997600000002,2101.99872
VID_3.mp4_frame_770.jpg,1920,1080,connection,652.00032,470.00034,770.9999999999999,484.00038
20200529_102208(0).jpg,3024,4032,connection,1373.99976,2012.9981759999998,1600.999344,2051.999712
VID_11.mp4_frame_460.jpg,1920,1080,connection,856.0003200000001,493.99956000000003,1023.0,518.9994
VID_10.mp4_frame_300.jpg,2160,3840,connection,993.0006000000001,2164.99968,1241.001,2212.99968
VID_3.mp4_frame_830.jpg,1920,1080,connection,655.99968,471.00042,772.00032,487.00061999999997
VID_4.mp4_frame_800.jpg,1920,1080,connection,787.99968,549.00018,892.00032,566.00046
20200529_101802.jpg,3024,4032,connection,1354.999968,1985.9999039999998,1773.9993599999998,2059.9991999999997
MOVIE_2.mp4_frame_70.jpg,1080,1920,connection,488.9997,887.9999999999999,583.99974,907.00032
MOVIE_3.mp4_frame_920.jpg,1080,1920,connection,507.00006,852.00096,599.99994,872.9999999999999
20200529_101933(0).jpg,3024,4032,connection,1599.999912,1690.00272,1959.00012,1782.000864
MOVIE_2.mp4_frame_990.jpg,1080,1920,connection,484.00037999999995,839.0006400000001,576.00018,862.00032
20200529_101806.jpg,3024,4032,connection,1336.9996079999999,1255.99824,1751.9982479999996,1322.997984
VID_3.mp4_frame_900.jpg,1920,1080,connection,658.9996799999999,476.99981999999994,774.0,491.99994
MOVIE_2.mp4_frame_1120.jpg,1080,1920,connection,499.99949999999995,828.99936,594.9995399999999,851.9990399999999
20200529_102046(0).jpg,3024,4032,connection,1225.9991519999999,1703.999808,1766.9987999999998,1827.0
VID_3.mp4_frame_160.jpg,1920,1080,connection,634.00032,442.00026,760.00032,457.00038000000006
MOVIE_2.mp4_frame_1050.jpg,1080,1920,connection,485.00046,834.0009600000001,576.00018,855.0
MOVIE_1.mp4_frame_280.jpg,1080,1920,connection,533.99952,894.9993599999999,615.9996,907.99968
20200529_101914.jpg,3024,4032,connection,1281.001176,1922.997888,1655.000424,2018.9998080000003
VID_10.mp4_frame_296.jpg,2160,3840,connection,991.99944,2167.99872,1234.99944,2210.99904
20200529_102223.jpg,3024,4032,connection,1655.999856,1867.999392,1964.0003040000001,1940.9987519999997
MOVIE_3.mp4_frame_860.jpg,1080,1920,connection,511.0003799999999,839.0006400000001,607.0004999999999,862.00032
20200529_102037.jpg,3024,4032,connection,1269.9998640000001,1844.9988480000002,1815.000264,1970.9988480000002
MOVIE_1.mp4_frame_670.jpg,1080,1920,connection,552.99996,870.00096,635.00004,886.00032
MOVIE_1.mp4_frame_610.jpg,1080,1920,connection,560.0005199999999,861.99936,635.00004,871.99872
MOVIE_3.mp4_frame_290.jpg,1080,1920,connection,510.0003,845.00064,604.00026,875.00064
VID_10.mp4_frame_112.jpg,2160,3840,connection,972.9990000000001,2111.9999999999995,1241.99892,2155.0003199999996
VID_10.mp4_frame_30.jpg,2160,3840,connection,970.9999200000001,2065.0003199999996,1230.9991200000002,2110.00128
MOVIE_1.mp4_frame_640.jpg,1080,1920,connection,563.00022,860.9999999999999,637.0007400000001,874.00032
20200529_101829.jpg,3024,4032,connection,1384.99956,1481.997888,1880.9990639999999,1581.999552
20200529_102212.jpg,3024,4032,connection,1510.0011359999999,2053.999584,1751.00184,2104.000416
20200529_101825.jpg,3024,4032,connection,1425.9989520000001,1015.999488,1921.998456,1112.001408
MOVIE_2.mp4_frame_190.jpg,1080,1920,connection,486.00054,867.99936,577.00026,886.9996800000001
MOVIE_3.mp4_frame_340.jpg,1080,1920,connection,508.00014,841.0003200000001,605.0003399999999,867.0009600000001
MOVIE_3.mp4_frame_140.jpg,1080,1920,connection,501.99966,825.99936,596.9997,847.99872
VID_3.mp4_frame_940.jpg,1920,1080,connection,659.9999999999999,480.00006,775.00032,493.00002
20200529_102108.jpg,3024,4032,connection,1233.001224,2396.9998080000005,1836.999864,2537.998848
MOVIE_1.mp4_frame_880.jpg,1080,1920,connection,543.00024,883.00032,625.00032,897.9993599999999
MOVIE_2.mp4_frame_20.jpg,1080,1920,connection,488.9997,895.99968,581.99958,909.0000000000001
MOVIE_2.mp4_frame_230.jpg,1080,1920,connection,493.00002000000006,876.0,580.9995,892.9996799999999
VID_3.mp4_frame_650.jpg,1920,1080,connection,649.99968,463.99986,766.9987199999999,481.00014
MOVIE_2.mp4_frame_50.jpg,1080,1920,connection,493.00002,890.9999999999999,588.00006,904.00032
VID_11.mp4_frame_470.jpg,1920,1080,connection,853.9996800000001,493.99956,1020.99936,524.99988
MOVIE_1.mp4_frame_20.jpg,1080,1920,connection,500.00004,922.00032,582.00012,930.9993599999999
VID_3.mp4_frame_20.jpg,1920,1080,connection,611.9990399999999,426.00006,737.9990399999999,442.00025999999997
VID_3.mp4_frame_1030.jpg,1920,1080,connection,660.0009600000001,475.99974000000003,777.0,495.00018000000006
VID_4.mp4_frame_740.jpg,1920,1080,connection,766.99968,514.99962,872.0006400000001,528.99966
20200529_101916.jpg,3024,4032,connection,1607.000472,1567.002528,1977.999912,1649.0013119999999
VID_10.mp4_frame_116.jpg,2160,3840,connection,978.0004800000002,2116.00128,1244.00016,2159.0016
VID_10.mp4_frame_124.jpg,2160,3840,connection,974.0001599999999,2121.9993600000003,1237.99968,2155.99872
VID_10.mp4_frame_268.jpg,2160,3840,connection,977.0014799999999,2161.0003199999996,1261.0004399999998,2225.0016
VID_10.mp4_frame_288.jpg,2160,3840,connection,988.0002000000001,2161.99872,1261.00044,2212.9977599999997
20200529_101852(0).jpg,3024,4032,connection,1506.999816,1876.000896,1627.999128,1899.9993599999998
VID_11.mp4_frame_420.jpg,1920,1080,connection,846.0,496.9998,1002.0,524.99988
MOVIE_3.mp4_frame_40.jpg,1080,1920,connection,512.00046,817.0012800000001,608.0005799999999,838.00032
VID_3.mp4_frame_1040.jpg,1920,1080,connection,663.0,478.99998,779.00064,497.00034
20200529_101742.jpg,3024,4032,connection,1147.000176,1888.998048,1432.0000800000003,1946.998368
VID_11.mp4_frame_240.jpg,1920,1080,connection,878.99904,434.00016,1044.0,462.00024
VID_3.mp4_frame_100.jpg,1920,1080,connection,620.9990399999999,427.00014,747.99936,445.0005
VID_10.mp4_frame_244.jpg,2160,3840,connection,990.00036,2168.99904,1240.00092,2224.9977599999997
MOVIE_3.mp4_frame_820.jpg,1080,1920,connection,503.99981999999994,844.99968,598.9998599999999,871.00032
MOVIE_1.mp4_frame_290.jpg,1080,1920,connection,535.99968,900.9993600000001,613.9994399999999,911.99904
MOVIE_1.mp4_frame_90.jpg,1080,1920,connection,498.99996000000004,908.0006400000001,583.0002000000001,920.0006400000001
VID_3.mp4_frame_410.jpg,1920,1080,connection,640.99968,462.99978000000004,758.99904,478.99998
VID_11.mp4_frame_650.jpg,1920,1080,connection,894.0,493.00002,1062.0,528.99966
VID_11.mp4_frame_260.jpg,1920,1080,connection,877.00032,441.99972,1042.00128,467.99964
VID_10.mp4_frame_236.jpg,2160,3840,connection,974.00016,2166.9984,1239.99984,2235.9993600000003
MOVIE_2.mp4_frame_250.jpg,1080,1920,connection,493.00001999999995,872.00064,591.0002999999999,891.0009600000001
MOVIE_3.mp4_frame_330.jpg,1080,1920,connection,508.00014000000004,835.00032,602.0001000000001,866.0006400000001
VID_10.mp4_frame_48.jpg,2160,3840,connection,992.0005199999998,2083.99872,1248.00156,2121.9993600000003
20200529_101923.jpg,3024,4032,connection,1362.9984479999998,892.999296,1754.9995679999997,1001.000448
VID_4.mp4_frame_70.jpg,1920,1080,connection,668.00064,489.99978,786.0,507.00005999999996
VID_10.mp4_frame_232.jpg,2160,3840,connection,976.00032,2172.0,1231.00128,2224.99968
VID_4.mp4_frame_770.jpg,1920,1080,connection,784.00032,524.0003399999999,888.00096,542.0006999999999
VID_11.mp4_frame_610.jpg,1920,1080,connection,895.00032,495.99971999999997,1063.00032,528.0001199999999
VID_10.mp4_frame_208.jpg,2160,3840,connection,974.00124,2164.9996800000004,1235.00052,2222.99904
VID_3.mp4_frame_570.jpg,1920,1080,connection,647.00064,466.00002,766.0003199999999,484.00038
VID_10.mp4_frame_160.jpg,2160,3840,connection,982.9987200000002,2127.0009600000003,1235.99952,2192.00064
MOVIE_3.mp4_frame_70.jpg,1080,1920,connection,516.00024,825.0,603.0007199999999,845.00064
MOVIE_3.mp4_frame_220.jpg,1080,1920,connection,508.00014,829.99968,596.9997,852.9993599999999
VID_10.mp4_frame_196.jpg,2160,3840,connection,977.0003999999999,2168.0006399999997,1224.00072,2218.00128
MOVIE_2.mp4_frame_270.jpg,1080,1920,connection,497.0003400000001,868.0003200000001,590.0002200000001,888.99936
VID_4.mp4_frame_120.jpg,1920,1080,connection,669.0,489.99978,785.00064,504.9999
MOVIE_1.mp4_frame_10.jpg,1080,1920,connection,505.00044,924.0,585.00036,933.99936
VID_10.mp4_frame_8.jpg,2160,3840,connection,975.0002400000002,2047.9987199999998,1224.0007200000002,2095.0003199999996
VID_3.mp4_frame_330.jpg,1920,1080,connection,629.00064,457.99938,757.00128,476.99982
20200529_101808.jpg,3024,4032,connection,1455.002136,1334.0013119999999,1870.0007759999999,1412.000352
MOVIE_1.mp4_frame_390.jpg,1080,1920,connection,536.9997599999999,905.0006400000001,621.0,916.00032
20200529_101828.jpg,3024,4032,connection,1292.9988959999998,1518.999552,1778.000112,1623.00096
MOVIE_2.mp4_frame_210.jpg,1080,1920,connection,482.00022,874.9996800000001,580.0005,891.99936
20200529_101818.jpg,3024,4032,connection,1392.9995519999998,1512.002016,1866.999456,1601.000352
VID_11.mp4_frame_380.jpg,1920,1080,connection,889.0003200000001,473.00058,1047.00096,507.00005999999996
20200529_102034.jpg,3024,4032,connection,1347.999408,1823.000256,1888.9990559999999,1959.999552
VID_3.mp4_frame_990.jpg,1920,1080,connection,669.99936,478.99998,784.9996800000001,497.00034
VID_10.mp4_frame_108.jpg,2160,3840,connection,980.0006400000001,2113.0003199999996,1244.00016,2153.0016
MOVIE_1.mp4_frame_150.jpg,1080,1920,connection,509.99976000000004,904.00032,590.99976,917.0006400000001
MOVIE_2.mp4_frame_100.jpg,1080,1920,connection,481.00014,880.00032,578.0003399999999,900.00096
MOVIE_1.mp4_frame_510.jpg,1080,1920,connection,529.0002,876.0,612.00036,888.0
VID_3.mp4_frame_920.jpg,1920,1080,connection,655.99968,477.9999,772.9987199999999,493.00002000000006
MOVIE_1.mp4_frame_250.jpg,1080,1920,connection,530.00028,898.00128,612.00036,908.00064
20200529_102044.jpg,3024,4032,connection,1154.9986560000002,1915.998336,1732.999968,2037.998592
VID_4.mp4_frame_750.jpg,1920,1080,connection,773.00064,513.99954,880.0003199999999,532.99998
VID_10.mp4_frame_148.jpg,2160,3840,connection,972.999,2127.99936,1229.0000400000001,2188.99776
MOVIE_1.mp4_frame_160.jpg,1080,1920,connection,513.0,900.9993600000001,590.9997599999999,911.99904
VID_11.mp4_frame_510.jpg,1920,1080,connection,880.00032,495.00018,1039.99968,528.99966
VID_3.mp4_frame_210.jpg,1920,1080,connection,637.99968,433.99962,763.99968,448.99974000000003
MOVIE_1.mp4_frame_310.jpg,1080,1920,connection,529.0002000000001,911.00064,614.0005200000002,922.0003199999999
VID_10.mp4_frame_76.jpg,2160,3840,connection,996.0008400000002,2098.9996799999994,1252.9998,2139.00096
VID_11.mp4_frame_300.jpg,1920,1080,connection,881.00064,454.99968,1048.00032,477.99936
VID_11.mp4_frame_20.jpg,1920,1080,connection,861.9993599999999,329.99940000000004,1029.9993599999998,359.99964
20200529_101920.jpg,3024,4032,connection,1467.0013680000002,1211.99904,1841.0006160000003,1308.00096
VID_3.mp4_frame_180.jpg,1920,1080,connection,634.9996800000001,442.00026,762.0,457.00038000000006
VID_4.mp4_frame_790.jpg,1920,1080,connection,780.0,547.0000200000001,890.00064,563.00022
VID_3.mp4_frame_290.jpg,1920,1080,connection,636.0,435.99978,758.00064,453.00005999999996
MOVIE_2.mp4_frame_1210.jpg,1080,1920,connection,511.00037999999995,835.99968,603.00018,856.00032
VID_11.mp4_frame_530.jpg,1920,1080,connection,893.99904,492.99947999999995,1055.9990400000002,525.99996
VID_3.mp4_frame_280.jpg,1920,1080,connection,636.0000000000001,436.99985999999996,758.99904,451.99998
MOVIE_1.mp4_frame_440.jpg,1080,1920,connection,541.0000799999999,874.99968,623.0001599999999,886.99968
VID_3.mp4_frame_240.jpg,1920,1080,connection,637.9996799999999,431.99945999999994,773.9990399999999,446.99958
VID_11.mp4_frame_430.jpg,1920,1080,connection,823.00032,494.00064,991.00032,518.0004
MOVIE_1.mp4_frame_710.jpg,1080,1920,connection,544.00032,880.00032,628.0005600000001,900.00096
VID_3.mp4_frame_40.jpg,1920,1080,connection,614.9990399999999,426.00006,741.99936,440.00010000000003
VID_10.mp4_frame_280.jpg,2160,3840,connection,996.9998400000001,2168.99904,1246.00032,2219.99808
VID_10.mp4_frame_72.jpg,2160,3840,connection,996.9998400000001,2095.99872,1250.00064,2138.99904
VID_10.mp4_frame_284.jpg,2160,3840,connection,987.9991200000002,2164.9996799999994,1253.9988,2222.0006399999997
MOVIE_2.mp4_frame_1030.jpg,1080,1920,connection,480.0000600000001,834.99936,568.99962,852.99936
MOVIE_1.mp4_frame_840.jpg,1080,1920,connection,555.0001199999999,887.00064,638.00028,903.0
VID_10.mp4_frame_128.jpg,2160,3840,connection,976.00032,2125.00032,1237.99968,2166.0
20200529_101907.jpg,3024,4032,connection,1347.9994080000001,1785.998592,1737.00072,1890.0
VID_10.mp4_frame_84.jpg,2160,3840,connection,990.00036,2102.0006399999997,1254.99996,2140.00128
20200529_101915.jpg,3024,4032,connection,1030.0016159999998,1760.000256,1426.000464,1856.0021760000002
VID_11.mp4_frame_40.jpg,1920,1080,connection,861.0009600000001,354.00024,1027.00032,381.00024
20200529_101814.jpg,3024,4032,connection,1467.999288,1697.998176,1687.000392,1745.999136
20200529_101759.jpg,3024,4032,connection,1643.9991120000002,1227.000096,2092.999608,1296.9996480000002
MOVIE_1.mp4_frame_580.jpg,1080,1920,connection,542.0001599999999,868.0003200000001,622.0000799999999,879.0
MOVIE_3.mp4_frame_50.jpg,1080,1920,connection,513.00054,817.99968,604.00026,838.00032
VID_10.mp4_frame_164.jpg,2160,3840,connection,993.9995999999998,2132.00064,1222.0005599999997,2187.0009600000003
VID_10.mp4_frame_50.jpg,2160,3840,connection,984.00096,2090.99904,1248.00048,2134.9977599999997
VID_10.mp4_frame_40.jpg,2160,3840,connection,993.0005999999998,2076.0019199999997,1245.0013199999999,2113.00032
20200529_101826.jpg,3024,4032,connection,1343.9986560000002,1164.0000960000002,1826.0000640000003,1248.9986880000001
VID_4.mp4_frame_130.jpg,1920,1080,connection,670.00032,488.9997,784.00032,505.99998
MOVIE_2.mp4_frame_1140.jpg,1080,1920,connection,505.99998,834.0009600000001,598.99986,857.00064
VID_11.mp4_frame_450.jpg,1920,1080,connection,851.99904,489.00024,1023.0000000000001,514.00008
VID_10.mp4_frame_20.jpg,2160,3840,connection,976.9993199999999,2055.9993600000003,1231.0002,2110.00128
MOVIE_3.mp4_frame_180.jpg,1080,1920,connection,508.00014,825.0,598.99986,847.9996799999999
VID_3.mp4_frame_450.jpg,1920,1080,connection,649.00032,468.00018,766.99968,484.00037999999995
MOVIE_3.mp4_frame_310.jpg,1080,1920,connection,509.00022,835.00032,606.00042,868.0012800000001
MOVIE_3.mp4_frame_190.jpg,1080,1920,connection,508.00014000000004,828.0009600000001,603.00018,851.00064
VID_3.mp4_frame_420.jpg,1920,1080,connection,636.0,463.99986,758.00064,482.00022
MOVIE_1.mp4_frame_500.jpg,1080,1920,connection,530.0002800000001,874.99968,613.0004400000001,886.99968
MOVIE_2.mp4_frame_240.jpg,1080,1920,connection,491.99994000000004,876.0009600000001,589.00014,894.0009600000001
VID_10.mp4_frame_92.jpg,2160,3840,connection,987.0012,2102.0006399999997,1247.0004000000001,2150.0006399999997
VID_3.mp4_frame_670.jpg,1920,1080,connection,651.9993599999999,466.00001999999995,766.99968,481.00014
MOVIE_1.mp4_frame_320.jpg,1080,1920,connection,529.0002,911.9999999999999,613.00044,921.9993599999999
20200529_101738.jpg,3024,4032,connection,1482.0004079999999,2100.998592,1745.000712,2197.0005119999996
VID_3.mp4_frame_380.jpg,1920,1080,connection,635.00064,456.99929999999995,759.0,476.99982
VID_11.mp4_frame_170.jpg,1920,1080,connection,886.9987199999999,415.00026,1057.99968,433.00062
MOVIE_2.mp4_frame_1080.jpg,1080,1920,connection,494.0000999999999,834.0,589.0001399999999,855.99936
20200529_101830.jpg,3024,4032,connection,937.0000080000002,1497.0009599999998,1432.999512,1593.00288
MOVIE_1.mp4_frame_370.jpg,1080,1920,connection,538.99992,913.99968,618.99984,924.9993599999999
VID_3.mp4_frame_30.jpg,1920,1080,connection,610.9987199999999,426.00005999999996,738.9993599999999,443.00033999999994
VID_3.mp4_frame_760.jpg,1920,1080,connection,653.99904,466.00002,769.99968,482.00021999999996
20200529_102214(0).jpg,3024,4032,connection,1448.001576,2058.999264,1691.001144,2115.999648
MOVIE_3.mp4_frame_260.jpg,1080,1920,connection,501.99965999999995,839.9990399999999,592.99938,864.99936
20200529_102051.jpg,3024,4032,connection,1285.0004159999999,1804.001472,1869.999264,1916.002368
20200529_101818(0).jpg,3024,4032,connection,1470.001176,1630.002528,1922.0014800000001,1723.0006079999998
MOVIE_1.mp4_frame_120.jpg,1080,1920,connection,503.00028,915.00096,586.00044,929.9999999999999
VID_4.mp4_frame_50.jpg,1920,1080,connection,670.0003200000001,490.99986,786.99936,509.00022
MOVIE_2.mp4_frame_1000.jpg,1080,1920,connection,483.00030000000004,836.00064,574.0000200000001,855.0009600000001
VID_3.mp4_frame_350.jpg,1920,1080,connection,637.00032,456.99984,759.00096,478.99944
VID_11.mp4_frame_200.jpg,1920,1080,connection,879.9993600000001,426.9996,1050.0000000000002,450.99936
MOVIE_3.mp4_frame_250.jpg,1080,1920,connection,501.99966,835.00032,595.99962,866.0006400000001
MOVIE_1.mp4_frame_860.jpg,1080,1920,connection,547.99956,887.0006399999999,629.99964,900.00096
VID_11.mp4_frame_60.jpg,1920,1080,connection,869.9990399999999,368.00028000000003,1038.99936,396.00036000000006
20200529_101834(0).jpg,3024,4032,connection,1193.001264,1266.999552,1685.000016,1371.00096
MOVIE_1.mp4_frame_330.jpg,1080,1920,connection,524.99988,911.9990399999999,610.0002000000001,924.99936
MOVIE_3.mp4_frame_80.jpg,1080,1920,connection,512.00046,821.99904,601.00002,841.99968
VID_10.mp4_frame_130.jpg,2160,3840,connection,976.0013999999999,2124.00192,1235.0005199999998,2170.00128
20200529_101743.jpg,3024,4032,connection,1312.0002,1970.000928,1607.0004720000002,2039.000544
VID_10.mp4_frame_172.jpg,2160,3840,connection,977.0004000000001,2144.00064,1243.00008,2199.99936
20200529_101756.jpg,3024,4032,connection,1414.999152,1475.0003519999998,1847.9996640000002,1544.999904
20200529_101820.jpg,3024,4032,connection,1693.00152,1363.997376,2185.000272,1459.9992960000002
VID_10.mp4_frame_152.jpg,2160,3840,connection,983.9988000000002,2134.00128,1232.9992800000002,2189.0016
20200529_102040.jpg,3024,4032,connection,1407.000672,1630.000512,1974.000672,1764.0
VID_11.mp4_frame_490.jpg,1920,1080,connection,865.0003199999999,502.0002,1028.00064,524.99988
VID_3.mp4_frame_170.jpg,1920,1080,connection,637.0003200000001,442.00026,762.0,458.00046
20200529_101832.jpg,3024,4032,connection,1078.0015680000001,1434.0009599999998,1570.00032,1530.00288
VID_10.mp4_frame_188.jpg,2160,3840,connection,977.0004,2165.0016,1232.00136,2216.0006399999997
VID_11.mp4_frame_180.jpg,1920,1080,connection,884.9999999999999,423.00035999999994,1056.0009599999998,446.00003999999996
20200529_101807.jpg,3024,4032,connection,1207.000872,1086.001056,1618.001784,1153.0008000000003
20200529_101853.jpg,3024,4032,connection,1491.9992639999998,1868.001408,1619.9991359999997,1894.99968
MOVIE_1.mp4_frame_420.jpg,1080,1920,connection,545.0004,882.0009600000001,625.00032,893.00064
20200529_101827.jpg,3024,4032,connection,1270.0013760000002,1533.998592,1759.00032,1630.000512
20200529_101913(0).jpg,3024,4032,connection,1469.999664,1823.002272,1830.0008159999998,1908.0008639999999
MOVIE_3.mp4_frame_90.jpg,1080,1920,connection,505.9999799999999,822.0,602.0000999999999,843.99936
VID_3.mp4_frame_710.jpg,1920,1080,connection,649.99968,461.99969999999996,766.9987199999999,476.99982
MOVIE_3.mp4_frame_790.jpg,1080,1920,connection,503.99982,845.9999999999999,603.00018,867.9993599999999
MOVIE_1.mp4_frame_830.jpg,1080,1920,connection,555.0001199999999,881.9990399999999,639.00036,899.9990399999999
VID_11.mp4_frame_280.jpg,1920,1080,connection,879.99936,447.00012,1045.00032,471.99995999999993
20200529_101933.jpg,3024,4032,connection,1533.000168,1655.998848,1903.999608,1753.0007039999998
MOVIE_3.mp4_frame_20.jpg,1080,1920,connection,514.0006199999999,816.0009600000001,606.00042,834.0009600000001
MOVIE_1.mp4_frame_300.jpg,1080,1920,connection,532.00044,907.0003200000001,614.00052,919.0003200000001
20200529_101913.jpg,3024,4032,connection,1322.0005680000002,1848.998592,1681.000776,1945.000512
MOVIE_3.mp4_frame_230.jpg,1080,1920,connection,504.9993600000001,831.0000000000001,590.9997600000002,853.99968
VID_11.mp4_frame_630.jpg,1920,1080,connection,897.0,494.99964000000006,1063.9996800000001,525.9999600000001
VID_3.mp4_frame_530.jpg,1920,1080,connection,645.0000000000001,467.00010000000003,761.99904,483.0003
VID_3.mp4_frame_720.jpg,1920,1080,connection,646.0012800000001,458.99946,764.0006400000001,476.99982
20200529_102030.jpg,3024,4032,connection,1107.000216,1896.999552,1669.999464,2026.9992960000002
20200529_102219.jpg,3024,4032,connection,1419.999336,1789.0004159999999,1653.9994800000002,1846.0007999999998
20200529_101810.jpg,3024,4032,connection,1025.9993519999998,1296.9996480000002,1451.999304,1353.000096
20200529_101748.jpg,3024,4032,connection,1392.999552,2153.001312,1689.000768,2234.00016
MOVIE_1.mp4_frame_480.jpg,1080,1920,connection,533.9995199999998,873.0000000000001,617.9997599999999,883.99968
VID_3.mp4_frame_60.jpg,1920,1080,connection,614.00064,428.00022,746.00064,448.00074000000006
20200529_101819.jpg,3024,4032,connection,1447.998552,1107.999648,1925.9992079999997,1200.9977279999998
20200529_101816.jpg,3024,4032,connection,1485.0002160000001,1578.0018239999997,1870.000776,1645.001568
MOVIE_1.mp4_frame_30.jpg,1080,1920,connection,498.99996,915.99936,579.99996,927.99936
VID_11.mp4_frame_120.jpg,1920,1080,connection,889.0003200000001,388.99926,1054.0012800000002,408.99978000000004
20200529_101900.jpg,3024,4032,connection,1399.9986000000001,1874.9989439999997,1729.998648,1966.9970879999998
VID_10.mp4_frame_110.jpg,2160,3840,connection,987.0001200000002,2115.99936,1237.00068,2151.0009599999994
VID_10.mp4_frame_264.jpg,2160,3840,connection,994.0006800000001,2166.9984,1252.9998,2221.99872
VID_10.mp4_frame_204.jpg,2160,3840,connection,978.99948,2165.0015999999996,1233.00036,2226.0
VID_11.mp4_frame_370.jpg,1920,1080,connection,887.00064,476.00028,1054.0003199999999,505.00044
MOVIE_1.mp4_frame_260.jpg,1080,1920,connection,535.9996799999999,897.0,615.9995999999999,910.0003200000001
VID_10.mp4_frame_32.jpg,2160,3840,connection,979.9995600000002,2065.00032,1236.99852,2106.0
VID_10.mp4_frame_88.jpg,2160,3840,connection,984.99996,2100.9984000000004,1256.00004,2148.0
20200529_101744.jpg,3024,4032,connection,1438.0012079999997,1552.999392,1704.0013199999999,1611.9996479999998
MOVIE_3.mp4_frame_210.jpg,1080,1920,connection,501.99966000000006,827.9990399999999,593.9994600000001,852.99936
VID_3.mp4_frame_460.jpg,1920,1080,connection,651.0,469.00026,767.00064,486.00054
VID_10.mp4_frame_36.jpg,2160,3840,connection,984.99888,2072.0006399999997,1237.99968,2108.0006399999997
VID_10.mp4_frame_304.jpg,2160,3840,connection,977.0003999999998,2162.9990399999997,1238.9997599999997,2220.0
VID_10.mp4_frame_90.jpg,2160,3840,connection,983.0008799999998,2109.00096,1253.0008799999998,2152.00128
VID_4.mp4_frame_760.jpg,1920,1080,connection,772.99968,516.99978,885.9993599999999,535.00014
VID_3.mp4_frame_480.jpg,1920,1080,connection,643.9996799999999,464.99994,765.0,484.00038
20200529_102225.jpg,3024,4032,connection,1349.999784,1676.99952,1659.999096,1735.9997759999999
MOVIE_2.mp4_frame_1240.jpg,1080,1920,connection,511.00038000000006,835.99968,601.0000200000001,856.00032
VID_10.mp4_frame_260.jpg,2160,3840,connection,986.0011199999999,2166.9984,1252.0007999999998,2226.9984
MOVIE_2.mp4_frame_30.jpg,1080,1920,connection,490.99986,892.99968,579.99942,907.00032
20200529_102039.jpg,3024,4032,connection,1125.9984959999997,1663.998336,1677.999456,1796.9978879999999
MOVIE_2.mp4_frame_1270.jpg,1080,1920,connection,513.00054,822.99936,604.00026,843.0
20200529_101804.jpg,3024,4032,connection,1263.000816,945.002016,1670.000976,1012.00176
VID_3.mp4_frame_270.jpg,1920,1080,connection,633.0000000000001,432.99954,763.99968,449.99982
MOVIE_1.mp4_frame_850.jpg,1080,1920,connection,548.99964,888.0,636.0001199999999,902.9990399999999
20200529_102042.jpg,3024,4032,connection,1269.998352,1711.999296,1821.999312,1852.998336
20200529_101925.jpg,3024,4032,connection,1389.000312,1004.000256,1788.999912,1104.00192
VID_11.mp4_frame_330.jpg,1920,1080,connection,880.9987199999999,464.00039999999996,1051.99968,488.00016
20200529_101757.jpg,3024,4032,connection,1425.9989520000001,1800.9996479999998,1836.9998640000001,1881.998496
MOVIE_1.mp4_frame_200.jpg,1080,1920,connection,515.00016,906.0,596.00016,918.0
20200529_102033.jpg,3024,4032,connection,1329.999048,2134.000512,1877.9992559999998,2277.9993600000003
MOVIE_3.mp4_frame_100.jpg,1080,1920,connection,505.99997999999994,822.99936,597.99978,840.99936
20200529_101811.jpg,3024,4032,connection,1525.998096,2090.001312,1914.999408,2149.001568
20200529_102036.jpg,3024,4032,connection,1274.000616,1981.9981440000001,1810.999512,2092.999104
20200529_101922.jpg,3024,4032,connection,1251.9995040000001,1004.0002559999998,1658.9996640000002,1119.0009599999998
MOVIE_3.mp4_frame_320.jpg,1080,1920,connection,504.9998999999999,838.00032,603.0001799999999,880.00032
VID_10.mp4_frame_96.jpg,2160,3840,connection,978.9994800000001,2105.0015999999996,1247.9994000000002,2146.99968
20200529_101903.jpg,3024,4032,connection,1369.999008,1811.998944,1706.9996159999998,1892.9977920000001
MOVIE_1.mp4_frame_570.jpg,1080,1920,connection,543.0002400000001,869.99904,623.00016,882.9993600000001
MOVIE_3.mp4_frame_880.jpg,1080,1920,connection,511.00037999999995,841.0012800000001,602.0001,862.00032
VID_3.mp4_frame_80.jpg,1920,1080,connection,616.0003199999999,431.99946,749.00064,449.99982
VID_10.mp4_frame_216.jpg,2160,3840,connection,971.001,2164.9996799999994,1232.00028,2222.0006399999997
20200529_102035(0).jpg,3024,4032,connection,1311.000768,1829.999808,1855.0002240000001,1959.9995520000002
MOVIE_2.mp4_frame_980.jpg,1080,1920,connection,481.00014000000004,837.0000000000001,574.0000200000001,857.99904
VID_3.mp4_frame_850.jpg,1920,1080,connection,656.9990399999999,472.9995,771.99936,488.99969999999996
VID_4.mp4_frame_30.jpg,1920,1080,connection,666.0,491.99994,786.0,507.00006
VID_3.mp4_frame_10.jpg,1920,1080,connection,608.0006400000001,422.99982,738.0000000000001,442.00026
MOVIE_1.mp4_frame_460.jpg,1080,1920,connection,541.00008,871.0003200000001,624.0002400000001,885.99936
MOVIE_2.mp4_frame_280.jpg,1080,1920,connection,496.00025999999997,868.00032,589.00014,886.00032
VID_10.mp4_frame_176.jpg,2160,3840,connection,983.9988,2150.00064,1238.99976,2216.00256
VID_4.mp4_frame_110.jpg,1920,1080,connection,669.99936,489.99978,784.9996800000001,504.9999
20200529_102031.jpg,3024,4032,connection,1206.9993599999998,1949.0002560000003,1759.00032,2085.999552
VID_11.mp4_frame_560.jpg,1920,1080,connection,898.00128,494.00010000000003,1064.00064,528.9996600000001
20200529_101917.jpg,3024,4032,connection,1821.9993120000001,1692.998496,2173.9989600000004,1763.9979839999999
VID_10.mp4_frame_68.jpg,2160,3840,connection,995.9986799999999,2098.99968,1249.99956,2135.9980800000003
MOVIE_1.mp4_frame_40.jpg,1080,1920,connection,503.00028,915.9993599999999,582.0001199999999,925.9987199999999
MOVIE_2.mp4_frame_1230.jpg,1080,1920,connection,505.9999799999999,837.0000000000001,602.0000999999999,857.99904
VID_4.mp4_frame_80.jpg,1920,1080,connection,666.99936,490.99986,787.9996800000001,509.00022
MOVIE_2.mp4_frame_130.jpg,1080,1920,connection,476.99981999999994,868.00032,572.9999399999999,881.0006400000001
MOVIE_2.mp4_frame_1260.jpg,1080,1920,connection,512.00046,826.9996799999999,603.00018,846.0
VID_10.mp4_frame_100.jpg,2160,3840,connection,982.9997999999998,2108.9990399999997,1247.9994,2154.0
20200529_102042(0).jpg,3024,4032,connection,1177.9992000000002,1760.0002559999998,1732.999968,1900.999296
20200529_101822.jpg,3024,4032,connection,1288.999656,1193.000256,1770.0001200000002,1297.0016640000001
VID_3.mp4_frame_870.jpg,1920,1080,connection,653.00064,472.9995,772.0003199999999,488.99969999999996
VID_4.mp4_frame_820.jpg,1920,1080,connection,793.99968,548.0001,891.0000000000001,566.00046
VID_3.mp4_frame_930.jpg,1920,1080,connection,658.9996799999999,475.99974,774.0,490.99986
VID_3.mp4_frame_700.jpg,1920,1080,connection,652.00032,461.99969999999996,768.00096,476.99982
VID_10.mp4_frame_240.jpg,2160,3840,connection,970.0009199999998,2166.9984,1241.0009999999997,2225.9999999999995
MOVIE_3.mp4_frame_270.jpg,1080,1920,connection,503.99982,845.00064,603.00018,873.0
VID_4.mp4_frame_20.jpg,1920,1080,connection,669.0000000000001,489.00024,785.99904,509.99976
20200529_101755.jpg,3024,4032,connection,1440.999504,1641.001824,1699.9990559999997,1701.002016
VID_11.mp4_frame_190.jpg,1920,1080,connection,879.9993599999999,427.00068000000005,1054.99968,449.00028000000003
MOVIE_2.mp4_frame_1200.jpg,1080,1920,connection,515.9997000000001,837.0,605.9993400000001,857.00064
20200529_101831.jpg,3024,4032,connection,1489.0009679999998,1426.999392,1999.9995119999999,1515.997728
VID_10.mp4_frame_184.jpg,2160,3840,connection,978.99948,2151.99936,1226.9998799999998,2216.00064
VID_3.mp4_frame_320.jpg,1920,1080,connection,622.00032,453.00005999999996,752.9999999999999,473.00058
VID_3.mp4_frame_1020.jpg,1920,1080,connection,662.00064,480.00006,777.0009600000001,497.00034
MOVIE_2.mp4_frame_1250.jpg,1080,1920,connection,508.00014000000004,832.00032,601.0000200000001,852.00096
MOVIE_3.mp4_frame_890.jpg,1080,1920,connection,505.99998000000005,841.00032,604.00026,862.99968
VID_3.mp4_frame_780.jpg,1920,1080,connection,653.00064,471.99942,769.9996799999999,486.99954
20200529_102041.jpg,3024,4032,connection,1254.9993120000001,1663.9983359999999,1804.000464,1792.998144
MOVIE_1.mp4_frame_560.jpg,1080,1920,connection,545.0004000000001,870.0,622.00008,884.00064
MOVIE_2.mp4_frame_160.jpg,1080,1920,connection,476.99982,866.00064,576.00018,880.00128
VID_3.mp4_frame_250.jpg,1920,1080,connection,637.9996800000001,433.99962,768.99936,448.99974000000003
MOVIE_2.mp4_frame_40.jpg,1080,1920,connection,487.99961999999994,893.9990399999999,586.9999799999999,906.99936
VID_10.mp4_frame_4.jpg,2160,3840,connection,990.99936,2048.00064,1229.99904,2102.00256
VID_3.mp4_frame_520.jpg,1920,1080,connection,641.0006400000001,464.0004,765.0000000000001,484.99992
MOVIE_1.mp4_frame_60.jpg,1080,1920,connection,507.00005999999996,913.00032,581.00058,927.00096
20200529_101929.jpg,3024,4032,connection,1604.000664,1323.002016,1980.99972,1404.000864
MOVIE_3.mp4_frame_350.jpg,1080,1920,connection,502.0002,833.00064,613.00044,861.0
20200529_101835.jpg,3024,4032,connection,1162.9986479999998,1463.99904,1669.999464,1571.000256
MOVIE_2.mp4_frame_80.jpg,1080,1920,connection,488.99969999999996,885.00096,580.9995,902.0006399999999
MOVIE_1.mp4_frame_100.jpg,1080,1920,connection,501.0001199999999,914.9999999999999,584.00028,928.00032
MOVIE_2.mp4_frame_60.jpg,1080,1920,connection,490.99986,891.0,582.9996600000001,906.99936
MOVIE_3.mp4_frame_760.jpg,1080,1920,connection,504.9999,853.99968,605.00034,874.00032
VID_3.mp4_frame_810.jpg,1920,1080,connection,655.00128,473.99958,772.0003199999999,488.9997
20200529_101937.jpg,3024,4032,connection,1547.9992080000002,2052.9976320000005,1903.999608,2159.998848
20200529_102208.jpg,3024,4032,connection,1385.9989919999998,1993.9993920000004,1606.99896,2042.0003520000002
20200529_102211.jpg,3024,4032,connection,1402.99992,2088.0014400000005,1638.001008,2138.002272
VID_11.mp4_frame_520.jpg,1920,1080,connection,879.0000000000001,494.0001,1050.99936,541.00062
MOVIE_1.mp4_frame_680.jpg,1080,1920,connection,550.9997999999999,871.99968,633.99996,892.00032
VID_10.mp4_frame_10.jpg,2160,3840,connection,976.99932,2053.0022400000003,1222.99956,2097.00096
VID_3.mp4_frame_660.jpg,1920,1080,connection,647.9999999999999,464.99994000000004,765.9993599999999,481.00014
MOVIE_2.mp4_frame_1060.jpg,1080,1920,connection,488.99969999999996,833.0006400000001,580.9995,853.99968
VID_10.mp4_frame_192.jpg,2160,3840,connection,975.00024,2158.99776,1238.99976,2220.9984000000004
VID_11.mp4_frame_80.jpg,1920,1080,connection,876.0,372.00059999999996,1039.0003199999999,395.00028
20200529_102045.jpg,3024,4032,connection,1169.9992080000002,1853.002368,1743.9997680000001,2001.0009599999998
20200529_101809.jpg,3024,4032,connection,1292.998896,1807.9991999999997,1685.000016,1874.998944
VID_10.mp4_frame_272.jpg,2160,3840,connection,994.00068,2165.9980800000003,1265.00076,2213.9980800000003
VID_11.mp4_frame_140.jpg,1920,1080,connection,891.99936,398.00052,1057.99872,419.00003999999996
VID_3.mp4_frame_790.jpg,1920,1080,connection,656.00064,472.0005,769.0003199999999,486.00054
VID_10.mp4_frame_120.jpg,2160,3840,connection,976.0003200000001,2116.00128,1242.0,2159.0016
20200529_102224.jpg,3024,4032,connection,1542.999024,1705.00176,1859.9988959999998,1768.00176
MOVIE_3.mp4_frame_10.jpg,1080,1920,connection,513.00054,813.0000000000001,604.00026,833.99904
VID_3.mp4_frame_140.jpg,1920,1080,connection,628.00128,440.00010000000003,758.00064,456.0003
20200529_101751(0).jpg,3024,4032,connection,1607.001984,1552.999392,1878.0007679999999,1604.0001599999998
VID_10.mp4_frame_64.jpg,2160,3840,connection,994.99968,2096.00064,1248.00048,2137.00032
VID_10.mp4_frame_276.jpg,2160,3840,connection,990.0003599999998,2161.0003199999996,1271.0012399999998,2225.0016
20200529_102050.jpg,3024,4032,connection,1169.9992080000002,1859.9978879999999,1740.99996,1977.9984
VID_10.mp4_frame_292.jpg,2160,3840,connection,994.9996799999999,2167.99872,1235.9995199999998,2215.0003199999996
VID_3.mp4_frame_540.jpg,1920,1080,connection,639.0009600000001,467.0001,762.0,487.00062
20200529_101855.jpg,3024,4032,connection,1502.0011439999998,1861.9997759999999,1631.9998799999998,1895.001696
VID_10.mp4_frame_132.jpg,2160,3840,connection,974.0001599999999,2124.00192,1235.9995199999998,2170.00128
VID_4.mp4_frame_140.jpg,1920,1080,connection,667.00032,489.99978,784.99968,507.00005999999996
VID_3.mp4_frame_370.jpg,1920,1080,connection,640.0003200000001,458.99946,759.0,475.99974
VID_10.mp4_frame_24.jpg,2160,3840,connection,977.9993999999999,2054.99904,1232.00028,2107.99872
VID_3.mp4_frame_740.jpg,1920,1080,connection,651.0,462.99978000000004,767.9990399999999,478.99998
MOVIE_3.mp4_frame_770.jpg,1080,1920,connection,505.0004400000001,851.99904,606.9999600000001,871.99968
MOVIE_1.mp4_frame_520.jpg,1080,1920,connection,531.9999,876.0,620.99946,885.99936
20200529_101918.jpg,3024,4032,connection,1607.000472,1290.000096,1977.999912,1377.998496
MOVIE_1.mp4_frame_80.jpg,1080,1920,connection,495.99972,904.00032,577.9998,917.0006400000001
VID_3.mp4_frame_750.jpg,1920,1080,connection,652.99968,464.99994000000004,770.99904,477.9999
VID_3.mp4_frame_1010.jpg,1920,1080,connection,663.0,482.00022,779.00064,497.00034000000005
VID_11.mp4_frame_550.jpg,1920,1080,connection,892.00032,489.00023999999996,1066.00032,521.00064
MOVIE_2.mp4_frame_970.jpg,1080,1920,connection,480.00005999999996,841.99968,571.99986,857.99904
VID_3.mp4_frame_90.jpg,1920,1080,connection,616.0003199999999,431.00046,749.00064,446.00058
VID_3.mp4_frame_150.jpg,1920,1080,connection,632.00064,440.0001,759.0009600000001,457.00037999999995
20200529_101747.jpg,3024,4032,connection,1821.9993120000001,1696.9982400000001,2121.9982560000003,1744.9992
VID_11.mp4_frame_70.jpg,1920,1080,connection,877.99872,370.00044,1042.9996800000001,394.00020000000006
MOVIE_1.mp4_frame_530.jpg,1080,1920,connection,532.00044,877.0003200000001,615.0006000000001,891.0009600000001
VID_11.mp4_frame_160.jpg,1920,1080,connection,890.00064,400.99967999999996,1056.0,424.99944
VID_3.mp4_frame_680.jpg,1920,1080,connection,651.0,464.99994,767.00064,480.00006
20200529_101856.jpg,3024,4032,connection,1521.000936,1858.999968,1653.99948,1893.001824
VID_3.mp4_frame_110.jpg,1920,1080,connection,622.00032,432.99954,750.9993599999999,448.99974
MOVIE_1.mp4_frame_350.jpg,1080,1920,connection,532.00044,914.00064,615.0006000000001,926.00064
MOVIE_3.mp4_frame_380.jpg,1080,1920,connection,509.9997599999999,820.00032,619.99992,847.99968
VID_3.mp4_frame_440.jpg,1920,1080,connection,646.9996799999999,468.00018,764.9990399999999,484.00037999999995
VID_3.mp4_frame_300.jpg,1920,1080,connection,636.9993600000001,439.00002,755.99904,457.00038
20200529_102047.jpg,3024,4032,connection,1254.999312,1697.000256,1821.999312,1823.000256
VID_3.mp4_frame_890.jpg,1920,1080,connection,654.00096,475.99974,773.0006399999999,493.00001999999995
MOVIE_1.mp4_frame_620.jpg,1080,1920,connection,560.00052,859.00032,637.0002,873.9993599999999
VID_11.mp4_frame_390.jpg,1920,1080,connection,888.99936,476.00028000000003,1050.99936,507.0006
MOVIE_1.mp4_frame_240.jpg,1080,1920,connection,527.0000399999999,900.0009600000001,611.00028,911.00064
VID_3.mp4_frame_550.jpg,1920,1080,connection,644.0006400000001,465.00048,766.0012800000001,488.00016
MOVIE_2.mp4_frame_930.jpg,1080,1920,connection,482.00021999999996,844.9987199999999,577.0002599999999,864.9993599999999
VID_4.mp4_frame_150.jpg,1920,1080,connection,667.99968,490.99986,784.00032,507.00005999999996
VID_11.mp4_frame_250.jpg,1920,1080,connection,877.99872,439.00056,1042.9996800000001,464.00039999999996
MOVIE_1.mp4_frame_590.jpg,1080,1920,connection,546.9994800000001,867.0,628.9995600000001,880.0003200000001
MOVIE_2.mp4_frame_940.jpg,1080,1920,connection,482.00022000000007,842.0006400000001,575.0001000000001,859.00032
20200529_101836.jpg,3024,4032,connection,1292.998896,1649.001312,1780.9999200000002,1737.9996480000002
VID_3.mp4_frame_360.jpg,1920,1080,connection,634.99968,459.0,757.00032,479.99951999999996
MOVIE_2.mp4_frame_90.jpg,1080,1920,connection,483.00030000000004,882.99936,581.00058,903.0
MOVIE_3.mp4_frame_360.jpg,1080,1920,connection,508.00014000000004,828.99936,603.00018,851.9990399999999
20200529_101821.jpg,3024,4032,connection,1604.0006640000001,1215.9987840000001,2100.000168,1323.0000000000002
MOVIE_2.mp4_frame_1070.jpg,1080,1920,connection,491.9999399999999,832.00032,582.99966,857.0006400000001
MOVIE_1.mp4_frame_660.jpg,1080,1920,connection,566.99946,861.0,634.9994999999999,879.0
VID_3.mp4_frame_950.jpg,1920,1080,connection,667.00032,483.0003,784.99968,498.00042
VID_10.mp4_frame_44.jpg,2160,3840,connection,987.9991199999998,2081.9999999999995,1243.0000799999998,2118.9984
MOVIE_3.mp4_frame_370.jpg,1080,1920,connection,504.00036,824.0006400000001,610.0002,853.00032
20200529_102038.jpg,3024,4032,connection,1132.9990559999999,1875.0009599999998,1673.9987039999999,2008.000512
20200529_102207.jpg,3024,4032,connection,1317.999816,2009.9983680000003,1540.000728,2057.9993280000003
VID_3.mp4_frame_120.jpg,1920,1080,connection,625.99968,436.99986,754.00032,453.00005999999996
VID_3.mp4_frame_230.jpg,1920,1080,connection,638.0006400000001,432.99954,760.99968,446.99958000000004
MOVIE_1.mp4_frame_900.jpg,1080,1920,connection,519.99948,871.99968,604.9998,887.99904
MOVIE_3.mp4_frame_930.jpg,1080,1920,connection,507.0000599999999,857.00064,601.00002,875.00064
20200529_101911.jpg,3024,4032,connection,1469.998152,1901.001312,1810.999512,1967.0011200000001
VID_11.mp4_frame_580.jpg,1920,1080,connection,909.0,502.00019999999995,1073.00064,529.0002
VID_10.mp4_frame_308.jpg,2160,3840,connection,995.9986800000001,2160.0,1245.99924,2208.9984000000004
MOVIE_1.mp4_frame_870.jpg,1080,1920,connection,541.00008,887.00064,625.0003200000001,903.0
20200529_101928.jpg,3024,4032,connection,1536.9994080000001,1289.9980799999998,1914.9994080000001,1386.0
VID_11.mp4_frame_320.jpg,1920,1080,connection,879.0009600000001,463.00032,1052.00064,484.99992
MOVIE_3.mp4_frame_850.jpg,1080,1920,connection,502.99974,840.0009600000001,603.00018,863.00064
MOVIE_3.mp4_frame_150.jpg,1080,1920,connection,503.0002799999999,824.00064,604.9997999999999,848.00064
20200529_101805.jpg,3024,4032,connection,974.0001600000002,866.998944,1392.9995520000002,929.998944
20200529_101850.jpg,3024,4032,connection,1519.9984800000002,1864.0016640000001,1644.998544,1894.9996800000001
VID_11.mp4_frame_270.jpg,1920,1080,connection,879.0009600000001,446.00004,1040.00064,474.00012000000004
VID_10.mp4_frame_60.jpg,2160,3840,connection,997.99992,2095.9987199999996,1245.00024,2133.99936
20200529_102046.jpg,3024,4032,connection,1199.9987999999998,1808.001216,1766.9987999999998,1927.001664
MOVIE_1.mp4_frame_430.jpg,1080,1920,connection,543.0002400000001,879.0,622.00008,889.9996799999999
VID_3.mp4_frame_490.jpg,1920,1080,connection,643.9996800000001,462.00023999999996,762.99936,484.99992
MOVIE_2.mp4_frame_10.jpg,1080,1920,connection,478.99998000000005,900.0000000000001,576.00018,916.99968
20200529_101906(0).jpg,3024,4032,connection,1459.0013760000002,1904.0011200000001,1855.0002240000003,1996.9992
MOVIE_1.mp4_frame_690.jpg,1080,1920,connection,551.99988,875.0006400000001,633.99996,895.0012800000001
MOVIE_1.mp4_frame_170.jpg,1080,1920,connection,514.00008,894.9993599999999,595.00008,907.99968
VID_3.mp4_frame_800.jpg,1920,1080,connection,655.00032,472.9995,772.99968,488.99969999999996
VID_10.mp4_frame_136.jpg,2160,3840,connection,979.0005600000001,2128.99968,1230.0012000000002,2172.0
MOVIE_3.mp4_frame_60.jpg,1080,1920,connection,513.00054,821.00064,604.00026,841.9996799999999
20200529_101851.jpg,3024,4032,connection,1482.9998400000002,1931.9993279999999,1613.99952,1964.0013119999999
MOVIE_1.mp4_frame_700.jpg,1080,1920,connection,549.99972,874.9996799999999,630.99972,896.9990399999999
VID_11.mp4_frame_350.jpg,1920,1080,connection,884.9990399999999,466.99956000000003,1050.0,491.9994
20200529_102213.jpg,3024,4032,connection,1450.9983600000003,2051.9997120000003,1695.9998160000002,2109.000096
VID_10.mp4_frame_144.jpg,2160,3840,connection,983.0008799999998,2133.0009600000003,1228.0010399999999,2172.0
VID_10.mp4_frame_156.jpg,2160,3840,connection,988.0002,2132.0006399999997,1244.00124,2197.0003199999996
VID_11.mp4_frame_230.jpg,1920,1080,connection,880.00032,430.99992,1049.00064,459.0
VID_3.mp4_frame_470.jpg,1920,1080,connection,643.0012800000001,466.00056,767.0006400000001,487.00007999999997
20200529_102214.jpg,3024,4032,connection,1439.99856,2063.998944,1686.99888,2120.999328
20200529_101924.jpg,3024,4032,connection,1318.001328,1060.0007039999998,1722.00168,1156.002624
VID_10.mp4_frame_52.jpg,2160,3840,connection,993.0005999999998,2087.9980799999994,1245.0013199999999,2127.99936
VID_10.mp4_frame_212.jpg,2160,3840,connection,974.9991600000002,2164.00128,1241.9989200000002,2227.0003199999996
MOVIE_2.mp4_frame_1010.jpg,1080,1920,connection,484.00038000000006,834.00096,572.99994,850.00032
20200529_101749.jpg,3024,4032,connection,1362.99996,1444.99824,1640.999304,1507.99824
VID_11.mp4_frame_210.jpg,1920,1080,connection,877.99968,430.99992000000003,1049.00064,454.99968000000007
20200529_101738(0).jpg,3024,4032,connection,1469.0002319999999,2176.9997759999997,1752.001272,2245.9993919999997
MOVIE_2.mp4_frame_200.jpg,1080,1920,connection,475.0002,867.0,578.9998800000001,887.00064
MOVIE_3.mp4_frame_130.jpg,1080,1920,connection,500.99958000000004,823.00032,598.99986,844.99968
MOVIE_2.mp4_frame_1190.jpg,1080,1920,connection,513.0005399999999,827.00064,605.0003399999999,847.9996799999999
VID_3.mp4_frame_1000.jpg,1920,1080,connection,665.99904,482.00022,781.99968,496.00026
VID_3.mp4_frame_970.jpg,1920,1080,connection,670.99968,481.00014,786.0000000000001,495.00018
MOVIE_3.mp4_frame_120.jpg,1080,1920,connection,497.99988,820.0003199999999,600.9994800000001,847.00128
20200529_102035.jpg,3024,4032,connection,1348.0009199999997,1804.0014720000001,1884.9998159999998,1938.00096
VID_3.mp4_frame_430.jpg,1920,1080,connection,644.0006400000001,464.99994,766.0012800000001,483.0003
20200529_101937(0).jpg,3024,4032,connection,1418.000472,2059.997184,1762.99956,2159.998848
20200529_101927.jpg,3024,4032,connection,1614.9989520000001,1303.9992,1973.99916,1389.997728
MOVIE_2.mp4_frame_150.jpg,1080,1920,connection,476.99982000000006,867.0009600000001,571.99986,884.00064
MOVIE_1.mp4_frame_410.jpg,1080,1920,connection,542.0001599999999,891.99936,622.0000799999999,903.99936
20200529_101801.jpg,3024,4032,connection,1518.001128,1381.99824,1941.0012720000002,1448.997984
MOVIE_1.mp4_frame_470.jpg,1080,1920,connection,540.0,871.00032,619.99992,885.00096
MOVIE_1.mp4_frame_810.jpg,1080,1920,connection,559.00044,882.9993599999999,638.00028,895.99968
MOVIE_1.mp4_frame_70.jpg,1080,1920,connection,497.99987999999996,905.9990399999999,577.9997999999999,918.99936
20200529_101852.jpg,3024,4032,connection,1488.999456,1945.000512,1616.9993279999999,1972.99872
VID_11.mp4_frame_410.jpg,1920,1080,connection,860.0006400000001,487.00008,1030.0012800000002,513.0
MOVIE_2.mp4_frame_1160.jpg,1080,1920,connection,513.00054,835.0003200000001,601.00002,852.0
VID_11.mp4_frame_600.jpg,1920,1080,connection,898.9996799999999,496.9998,1066.99968,525.99996
VID_3.mp4_frame_860.jpg,1920,1080,connection,654.00096,473.99958000000004,770.9999999999999,490.99986
20200529_101753.jpg,3024,4032,connection,1426.0004640000002,1707.9975359999999,1626.001776,1755.9984959999997
20200529_101932.jpg,3024,4032,connection,1654.998912,1548.999648,1988.9997119999998,1622.998944
VID_10.mp4_frame_252.jpg,2160,3840,connection,987.0012,2162.9990399999997,1247.0004000000001,2229.99936
VID_3.mp4_frame_70.jpg,1920,1080,connection,613.99968,430.00038000000006,744.9993599999999,446.00058
VID_3.mp4_frame_200.jpg,1920,1080,connection,637.99968,437.99994,763.99968,451.99998
MOVIE_1.mp4_frame_130.jpg,1080,1920,connection,503.00028000000003,913.00032,587.00052,927.00096
MOVIE_3.mp4_frame_910.jpg,1080,1920,connection,505.99998,849.0,599.99994,869.9990399999999
VID_10.mp4_frame_80.jpg,2160,3840,connection,994.9985999999999,2101.9987199999996,1250.99964,2142.0
VID_10.mp4_frame_220.jpg,2160,3840,connection,968.9997599999999,2168.99904,1236.9995999999999,2228.0006399999997
VID_10.mp4_frame_200.jpg,2160,3840,connection,979.9995600000002,2170.00128,1236.99852,2221.0003199999996
20200529_101906.jpg,3024,4032,connection,1580.998608,1803.999456,1984.9989600000001,1892.9977920000001
MOVIE_2.mp4_frame_950.jpg,1080,1920,connection,481.00014,838.00032,572.99994,853.99968
VID_10.mp4_frame_228.jpg,2160,3840,connection,968.9997599999999,2166.9984,1216.00008,2225.9999999999995
20200529_102216.jpg,3024,4032,connection,1356.998832,2015.997984,1591.99992,2053.999584
MOVIE_1.mp4_frame_380.jpg,1080,1920,connection,534.9996,908.9990399999999,617.99976,922.9996799999999
20200529_101912.jpg,3024,4032,connection,1403.9993519999998,1956.001824,1748.00052,2045.00016
MOVIE_2.mp4_frame_1110.jpg,1080,1920,connection,503.9998200000001,835.00032,591.9993000000001,854.0006400000001
VID_3.mp4_frame_510.jpg,1920,1080,connection,649.9996799999999,466.00002,763.9996799999999,484.00038
VID_10.mp4_frame_180.jpg,2160,3840,connection,975.00024,2152.00128,1257.0012,2209.0022400000003
MOVIE_1.mp4_frame_650.jpg,1080,1920,connection,563.0002199999999,859.00032,636.0006599999999,878.0006400000001
MOVIE_2.mp4_frame_180.jpg,1080,1920,connection,475.99974,864.99936,575.0001,882.99936
MOVIE_3.mp4_frame_170.jpg,1080,1920,connection,502.99974,827.99904,594.99954,845.99904
MOVIE_1.mp4_frame_340.jpg,1080,1920,connection,529.0002,910.0003200000001,610.0002,921.0
